Repositório,Idade (dias),PR's aceitas,Releases,Última atualização (dias),Linguagem principal,Issues,Issues fechadas
https://github.com/freeCodeCamp/freeCodeCamp,3542,22901,0,0,TypeScript,18212,98.97%
https://github.com/EbookFoundation/free-programming-books,3981,6490,0,1,N/A,1095,97.63%
https://github.com/sindresorhus/awesome,3708,651,0,20,N/A,340,96.18%
https://github.com/public-apis/public-apis,3090,1872,0,16,Python,602,97.51%
https://github.com/jwasham/coding-interview-university,3012,412,0,5,N/A,440,89.77%
https://github.com/codecrafters-io/build-your-own-x,2310,140,0,1,Markdown,666,72.52%
https://github.com/kamranahmedse/developer-roadmap,2730,2742,1,0,TypeScript,2232,96.46%
https://github.com/996icu/996.ICU,1989,1066,0,17,N/A,0,0.00%
https://github.com/donnemartin/system-design-primer,2747,198,0,28,Python,295,28.47%
https://github.com/facebook/react,4121,10729,101,0,JavaScript,13105,94.92%
https://github.com/vinta/awesome-python,3722,543,0,24,Python,0,0.00%
https://github.com/vuejs/vue,4055,1135,249,14,TypeScript,10016,96.46%
https://github.com/practical-tutorials/project-based-learning,2702,182,0,20,N/A,167,41.92%
https://github.com/awesome-selfhosted/awesome-selfhosted,3383,2392,1,3,N/A,804,100.00%
https://github.com/trekhleb/javascript-algorithms,2356,299,0,16,JavaScript,351,63.53%
https://github.com/tensorflow/tensorflow,3224,22803,208,0,C++,39697,95.78%
https://github.com/TheAlgorithms/Python,2972,2801,0,1,Python,1460,98.01%
https://github.com/getify/You-Dont-Know-JS,3945,367,0,33,N/A,925,91.46%
https://github.com/torvalds/linux,4749,10,0,1,C,0,0.00%
https://github.com/CyC2018/CS-Notes,2395,374,0,14,N/A,564,79.08%
https://github.com/ohmyzsh/ohmyzsh,5486,3196,0,1,Shell,4801,97.46%
https://github.com/twbs/bootstrap,4786,8789,89,0,JavaScript,22476,98.01%
https://github.com/ossu/computer-science,3776,267,0,14,N/A,638,97.34%
https://github.com/Significant-Gravitas/AutoGPT,538,1902,21,0,Python,2595,94.64%
https://github.com/flutter/flutter,3470,38791,7,0,Dart,98062,87.26%
https://github.com/microsoft/vscode,3289,27102,139,0,TypeScript,182351,94.91%
https://github.com/github/gitignore,5049,1549,0,4,N/A,0,0.00%
https://github.com/jackfrued/Python-100-Days,2379,13,0,20,Python,639,17.21%
https://github.com/jlevy/the-art-of-command-line,3395,317,0,71,N/A,251,52.59%
https://github.com/Snailclimb/JavaGuide,2312,1042,0,0,Java,1039,93.65%
https://github.com/airbnb/javascript,4325,804,0,18,JavaScript,1326,93.06%
https://github.com/trimstray/the-book-of-secret-knowledge,2265,122,0,14,N/A,0,0.00%
https://github.com/AUTOMATIC1111/stable-diffusion-webui,744,1829,26,0,Python,7625,70.78%
https://github.com/huggingface/transformers,2137,13261,164,0,Python,15610,93.46%
https://github.com/ytdl-org/youtube-dl,5057,1636,341,18,Python,26594,86.06%
https://github.com/avelino/awesome-go,3713,3244,0,0,Go,648,99.69%
https://github.com/labuladong/fucking-algorithm,1659,238,1,4,Markdown,830,100.00%
https://github.com/vercel/next.js,2891,18110,1000,0,JavaScript,21105,86.24%
https://github.com/golang/go,3669,1,0,0,Go,63195,85.52%
https://github.com/Chalarangelo/30-seconds-of-code,2471,817,10,0,JavaScript,294,100.00%
https://github.com/facebook/react-native,3526,848,336,0,C++,26012,97.70%
https://github.com/yangshun/tech-interview-handbook,2983,459,0,49,TypeScript,93,66.67%
https://github.com/electron/electron,4163,20127,1000,0,C++,19998,95.70%
https://github.com/justjavac/free-programming-books-zh_CN,3957,282,3,51,N/A,0,0.00%
https://github.com/f/awesome-chatgpt-prompts,639,117,0,1,HTML,0,0.00%
https://github.com/kubernetes/kubernetes,3743,59278,690,0,Go,45709,95.91%
https://github.com/microsoft/PowerToys,1953,4794,102,0,C#,28984,79.35%
https://github.com/Genymobile/scrcpy,2479,85,39,6,C,4708,58.69%
https://github.com/d3/d3,5091,485,194,58,Shell,2202,99.73%
https://github.com/nodejs/node,3570,8685,405,0,JavaScript,18093,91.23%
https://github.com/axios/axios,3670,872,84,4,JavaScript,4664,86.43%
https://github.com/facebook/create-react-app,2971,1945,83,8,JavaScript,8304,78.82%
https://github.com/mrdoob/three.js,5279,12921,160,0,JavaScript,12493,96.82%
https://github.com/microsoft/TypeScript,3732,14323,199,1,TypeScript,40759,87.10%
https://github.com/goldbergyoni/nodebestpractices,2546,765,0,62,Dockerfile,321,88.16%
https://github.com/GrowingGit/GitHub-Chinese-Top-Charts,1826,0,0,0,Java,335,46.87%
https://github.com/rust-lang/rust,5194,57426,128,0,Rust,54157,82.29%
https://github.com/angular/angular,3639,3614,357,0,TypeScript,27935,95.05%
https://github.com/microsoft/terminal,2581,3883,119,0,C++,12646,88.12%
https://github.com/krahets/hello-algo,670,842,8,2,Java,208,95.67%
https://github.com/denoland/deno,2304,11286,291,0,Rust,10649,82.33%
https://github.com/massgravel/Microsoft-Activation-Scripts,1697,5,15,4,Batchfile,382,98.69%
https://github.com/mui/material-ui,3670,18901,491,0,TypeScript,19287,91.10%
https://github.com/langchain-ai/langchain,688,11501,556,0,Jupyter Notebook,7487,92.00%
https://github.com/ant-design/ant-design,3421,14183,667,0,TypeScript,30027,96.18%
https://github.com/ryanmcdermott/clean-code-javascript,2840,149,0,37,JavaScript,154,54.55%
https://github.com/521xueweihan/HelloGitHub,3045,17,46,7,Python,2670,94.94%
https://github.com/iluwatar/java-design-patterns,3679,1385,0,2,Java,937,85.49%
https://github.com/godotengine/godot,3896,33896,57,0,C++,52099,79.67%
https://github.com/puppeteer/puppeteer,2675,4828,437,0,TypeScript,6878,96.16%
https://github.com/ollama/ollama,436,1551,89,0,Go,4183,76.17%
https://github.com/PanJiaChen/vue-element-admin,2697,311,49,50,Vue,3583,65.56%
https://github.com/ripienaar/free-for-dev,3458,2545,0,0,HTML,0,0.00%
https://github.com/papers-we-love/papers-we-love,3916,430,0,3,Shell,237,91.98%
https://github.com/nvbn/thefuck,3437,482,17,47,Python,729,64.47%
https://github.com/fatedier/frp,3180,626,99,16,Go,3499,98.51%
https://github.com/iptv-org/iptv,2121,6329,0,0,JavaScript,8334,99.82%
https://github.com/storybookjs/storybook,3092,10209,1000,0,TypeScript,12707,85.36%
https://github.com/microsoft/Web-Dev-For-Beginners,1394,495,0,2,JavaScript,289,83.04%
https://github.com/Hack-with-Github/Awesome-Hacking,3080,33,0,13,N/A,0,0.00%
https://github.com/mtdvio/every-programmer-should-know,2568,99,0,29,N/A,51,41.18%
https://github.com/pytorch/pytorch,2944,5851,54,0,Python,44591,69.16%
https://github.com/yt-dlp/yt-dlp,1409,2215,91,2,Python,7646,81.60%
https://github.com/tailwindlabs/tailwindcss,2525,2194,228,0,TypeScript,3366,98.84%
https://github.com/tauri-apps/tauri,1880,4335,1000,0,Rust,4413,79.18%
https://github.com/neovim/neovim,3869,13476,38,0,Vim Script,11624,87.65%
https://github.com/animate-css/animate.css,4711,315,22,37,CSS,865,97.23%
https://github.com/excalidraw/excalidraw,1707,3432,13,0,TypeScript,3480,57.39%
https://github.com/gothinkster/realworld,3113,429,0,1,TypeScript,532,92.67%
https://github.com/django/django,4512,9139,0,1,Python,0,0.00%
https://github.com/florinpop17/app-ideas,2018,149,0,19,N/A,145,29.66%
https://github.com/nvm-sh/nvm,5256,708,68,7,Shell,2183,86.67%
https://github.com/sveltejs/svelte,2845,4670,267,0,JavaScript,6963,88.40%
https://github.com/laravel/laravel,4837,1578,171,1,PHP,0,0.00%
https://github.com/bitcoin/bitcoin,5008,14412,51,0,C++,8128,95.48%
https://github.com/opencv/opencv,4430,12314,63,0,C++,10710,76.90%
https://github.com/gin-gonic/gin,3733,1026,26,2,Go,2229,72.95%
https://github.com/macrozheng/mall,2345,1,3,6,Java,492,96.34%
https://github.com/tensorflow/models,3134,2327,46,1,Python,7274,85.30%
https://github.com/tonsky/FiraCode,3585,132,29,117,Clojure,1325,70.57%
https://github.com/doocs/advanced-java,2160,86,1,14,Java,146,96.58%
https://github.com/MisterBooo/LeetCodeAnimation,2099,63,0,387,Java,59,71.19%
https://github.com/fastapi/fastapi,2097,2102,185,0,Python,3425,98.89%
https://github.com/jaywcjlove/awesome-mac,2971,871,9,2,JavaScript,425,72.94%
https://github.com/gohugoio/hugo,4080,2558,286,0,Go,7321,94.04%
https://github.com/ChatGPTNextWeb/ChatGPT-Next-Web,544,707,66,0,TypeScript,2962,86.87%
https://github.com/spring-projects/spring-boot,4338,42,283,0,Java,35270,98.44%
https://github.com/FortAwesome/Font-Awesome,4583,205,56,48,JavaScript,19414,79.24%
https://github.com/oven-sh/bun,1239,3673,156,0,Zig,8498,60.04%
https://github.com/typicode/json-server,3934,120,37,14,JavaScript,1145,47.07%
https://github.com/vuejs/awesome-vue,3242,3517,0,9,N/A,222,84.68%
https://github.com/rustdesk/rustdesk,1437,3024,20,0,Rust,2999,98.53%
https://github.com/supabase/supabase,1789,9590,15,0,TypeScript,3715,93.51%
https://github.com/home-assistant/core,4005,62656,1000,0,Python,51669,95.72%
https://github.com/mermaid-js/mermaid,3595,2144,130,0,JavaScript,2914,67.43%
https://github.com/netdata/netdata,4097,9007,90,0,C,7907,97.84%
https://github.com/DopplerHQ/awesome-interview-questions,3203,176,0,37,N/A,62,56.45%
https://github.com/elastic/elasticsearch,5322,66102,153,0,Java,36042,89.39%
https://github.com/microsoft/ML-For-Beginners,1281,365,0,4,HTML,131,100.00%
https://github.com/nomic-ai/gpt4all,527,742,23,0,C++,1826,70.59%
https://github.com/thedaviddias/Front-End-Checklist,2515,176,1,119,N/A,148,98.65%
https://github.com/moby/moby,4247,20001,189,0,Go,22633,86.44%
https://github.com/base-org/node,581,114,35,5,Shell,162,90.12%
https://github.com/shadcn-ui/ui,609,358,19,1,TypeScript,2163,85.16%
https://github.com/anuraghazra/github-readme-stats,1518,1142,0,1,JavaScript,1212,89.52%
https://github.com/hakimel/reveal.js,4838,402,47,83,JavaScript,2395,69.48%
https://github.com/pallets/flask,5265,1570,34,3,Python,2645,99.77%
https://github.com/coder/code-server,2016,1481,161,1,TypeScript,3500,97.03%
https://github.com/fighting41love/funNLP,2206,14,0,117,Python,207,26.09%
https://github.com/CompVis/stable-diffusion,756,5,0,78,Jupyter Notebook,709,26.66%
https://github.com/MunGell/awesome-for-beginners,3238,335,0,15,N/A,161,77.02%
https://github.com/swiftlang/swift,3239,50042,53,0,C++,15437,56.90%
https://github.com/openai/whisper,719,95,10,16,Python,0,0.00%
https://github.com/vitejs/vite,1597,4526,462,0,TypeScript,7296,93.50%
https://github.com/nestjs/nest,2769,6358,97,0,TypeScript,5358,98.86%
https://github.com/2dust/v2rayN,1863,140,187,0,C#,4625,99.48%
https://github.com/Developer-Y/cs-video-courses,2875,150,0,3,N/A,137,99.27%
https://github.com/Anduin2017/HowToCook,1649,503,3,22,Dockerfile,662,44.56%
https://github.com/redis/redis,5646,3821,69,0,C,6521,68.93%
https://github.com/bregman-arie/devops-exercises,1798,278,0,4,Python,87,66.67%
https://github.com/microsoft/playwright,1755,13007,131,0,TypeScript,14120,95.61%
https://github.com/josephmisiti/awesome-machine-learning,3704,836,0,28,Python,88,98.86%
https://github.com/protocolbuffers/protobuf,3662,5817,166,0,C++,6252,96.13%
https://github.com/expressjs/express,5549,332,153,2,JavaScript,3852,97.38%
https://github.com/webpack/webpack,4561,4718,415,0,JavaScript,9888,98.51%
https://github.com/ggerganov/llama.cpp,544,3144,1000,0,C++,3688,91.51%
https://github.com/chartjs/Chart.js,4189,2958,110,6,JavaScript,7147,94.46%
https://github.com/enaqx/awesome-react,3682,777,0,14,N/A,106,97.17%
https://github.com/binary-husky/gpt_academic,534,192,30,2,Python,1561,79.82%
https://github.com/grafana/grafana,3920,45875,447,0,TypeScript,37061,89.53%
https://github.com/hoppscotch/hoppscotch,1841,1519,49,1,TypeScript,1574,75.98%
https://github.com/junegunn/fzf,3969,507,50,2,Go,2752,91.46%
https://github.com/syncthing/syncthing,3935,2529,380,0,Go,5463,93.48%
https://github.com/kdn251/interviews,2759,42,0,114,Java,53,43.40%
https://github.com/leonardomso/33-js-concepts,2192,238,0,29,JavaScript,85,91.76%
https://github.com/FuelLabs/sway,1324,3053,147,0,Rust,2992,74.10%
https://github.com/ByteByteGoHq/system-design-101,352,21,0,19,N/A,46,32.61%
https://github.com/strapi/strapi,3262,8274,389,0,TypeScript,9541,92.89%
https://github.com/ansible/ansible,4565,38296,101,0,Python,32447,98.37%
https://github.com/lydiahallie/javascript-questions,1911,328,0,31,N/A,240,96.25%
https://github.com/python/cpython,2763,44620,0,0,Python,69002,89.62%
https://github.com/twitter/the-algorithm,527,2,0,56,Scala,969,75.44%
https://github.com/resume/resume.github.com,4959,84,0,567,JavaScript,119,53.78%
https://github.com/3b1b/manim,3454,575,10,9,Python,1133,63.81%
https://github.com/microsoft/generative-ai-for-beginners,443,257,0,1,Jupyter Notebook,111,90.09%
https://github.com/keras-team/keras,3448,3599,70,0,Python,12082,98.17%
https://github.com/apache/superset,3333,13071,205,0,TypeScript,10586,94.14%
https://github.com/ventoy/Ventoy,1639,279,97,25,C,2235,69.17%
https://github.com/d2l-ai/d2l-zh,2569,1020,16,36,Python,0,0.00%
https://github.com/socketio/socket.io,5291,429,63,12,TypeScript,3534,94.85%
https://github.com/sdmg15/Best-websites-a-programmer-should-visit,2740,415,0,1,N/A,152,63.16%
https://github.com/reduxjs/redux,3386,1686,78,6,TypeScript,2048,98.24%
https://github.com/tesseract-ocr/tesseract,3676,1384,32,0,C++,2635,84.86%
https://github.com/kelseyhightower/nocode,2402,1,1,28,Dockerfile,4671,14.34%
https://github.com/atom/atom,4611,3937,538,610,JavaScript,17113,94.37%
https://github.com/apache/echarts,4172,1314,116,0,TypeScript,18378,88.64%
https://github.com/awesomedata/awesome-public-datasets,3576,188,1,58,N/A,113,41.59%
https://github.com/xtekky/gpt4free,525,556,145,5,Python,1316,98.94%
https://github.com/swisskyrepo/PayloadsAllTheThings,2878,518,3,9,Python,0,0.00%
https://github.com/xingshaocheng/architect-awesome,2343,49,0,146,N/A,71,30.99%
https://github.com/adam-p/markdown-here,4497,20,11,597,JavaScript,617,50.41%
https://github.com/lodash/lodash,4533,580,2,25,JavaScript,4265,98.55%
https://github.com/h5bp/Front-end-Developer-Interview-Questions,4591,484,0,3,Nunjucks,176,80.68%
https://github.com/scikit-learn/scikit-learn,5132,12347,42,0,Python,11104,85.97%
https://github.com/ocornut/imgui,3698,363,101,0,C++,5885,84.44%
https://github.com/jquery/jquery,5633,749,10,2,JavaScript,2329,96.69%
https://github.com/angular/angular.js,5355,790,0,145,JavaScript,9037,95.67%
https://github.com/obsproject/obs-studio,3991,4809,208,1,C,4005,86.72%
https://github.com/fffaraz/awesome-cpp,3702,708,0,12,N/A,574,40.24%
https://github.com/TheAlgorithms/Java,2972,1460,0,1,Java,995,99.70%
https://github.com/openai/openai-cookbook,908,572,0,1,MDX,443,93.00%
https://github.com/shadowsocks/shadowsocks-windows,4251,278,55,15,C#,2908,94.15%
https://github.com/FuelLabs/fuel-core,1469,1080,95,0,Rust,812,79.68%
https://github.com/bradtraversy/design-resources-for-developers,1582,910,0,5,N/A,93,100.00%
https://github.com/Eugeny/tabby,2812,1459,187,0,TypeScript,5094,61.88%
https://github.com/binhnguyennus/awesome-scalability,2443,34,0,3,N/A,0,0.00%
https://github.com/sindresorhus/awesome-nodejs,3708,410,0,27,N/A,102,98.04%
https://github.com/chrislgarry/Apollo-11,3807,327,0,55,Assembly,381,84.25%
https://github.com/sherlock-project/sherlock,2081,612,1,5,Python,967,91.11%
https://github.com/caddyserver/caddy,3522,1945,119,1,Go,3966,97.30%
https://github.com/danielmiessler/SecLists,4581,605,25,0,PHP,262,92.37%
https://github.com/h5bp/html5-boilerplate,5337,764,34,0,JavaScript,1348,99.55%
https://github.com/prakhar1989/awesome-courses,3581,194,0,489,N/A,77,50.65%
https://github.com/spring-projects/spring-framework,5019,840,310,0,Java,25770,98.97%
https://github.com/abi/screenshot-to-code,295,42,0,5,Python,287,82.93%
https://github.com/rails/rails,5990,23779,126,0,Ruby,17521,97.02%
https://github.com/alacritty/alacritty,3121,1790,93,4,Rust,5763,94.36%
https://github.com/meta-llama/llama,568,54,0,17,Python,954,65.51%
https://github.com/louislam/uptime-kuma,1159,1135,104,0,JavaScript,3504,82.82%
https://github.com/PKUFlyingPig/cs-self-learning,1050,250,4,3,HTML,179,50.28%
https://github.com/facebook/docusaurus,2633,5171,144,1,TypeScript,3080,91.30%
https://github.com/gatsbyjs/gatsby,3394,18099,134,3,JavaScript,14059,98.68%
https://github.com/prometheus/prometheus,4302,6407,310,0,Go,5709,88.44%
https://github.com/AppFlowy-IO/AppFlowy,1176,2897,82,0,Dart,2737,68.07%
https://github.com/azl397985856/leetcode,2350,257,40,23,JavaScript,254,97.24%
https://github.com/scutan90/DeepLearning-500-questions,2261,302,0,70,JavaScript,188,43.09%
https://github.com/Alvin9999/new-pac,3087,0,0,0,N/A,1612,75.74%
https://github.com/ElemeFE/element,2923,3231,145,15,Vue,17746,85.86%
https://github.com/nuxt/nuxt,2870,5292,225,0,TypeScript,15129,95.00%
https://github.com/nektos/act,2072,940,74,2,Go,1121,84.12%
https://github.com/localstack/localstack,2871,5227,78,0,Python,5561,94.57%
https://github.com/ryanoasis/nerd-fonts,3561,487,36,3,CSS,984,97.15%
https://github.com/zylon-ai/private-gpt,491,218,10,14,Python,1156,81.92%
https://github.com/labmlai/annotated_deep_learning_paper_implementations,1471,102,0,11,Python,131,79.39%
https://github.com/Solido/awesome-flutter,2677,441,0,36,Dart,0,0.00%
https://github.com/ageitgey/face_recognition,2742,94,2,14,Python,1337,43.90%
https://github.com/remix-run/react-router,3764,2327,277,0,TypeScript,7446,98.94%
https://github.com/rust-lang/rustlings,3277,892,44,0,Rust,652,97.24%
https://github.com/necolas/normalize.css,4872,56,0,84,CSS,507,90.93%
https://github.com/scrapy/scrapy,5308,2171,38,7,Python,3009,85.11%
https://github.com/lencx/ChatGPT,637,123,34,6,Rust,1037,32.79%
https://github.com/PlexPt/awesome-chatgpt-prompts-zh,632,33,0,36,N/A,93,59.14%
https://github.com/CorentinJ/Real-Time-Voice-Cloning,1928,48,0,21,Python,1078,82.37%
https://github.com/psf/requests,4952,1554,12,2,Python,3962,95.53%
https://github.com/OpenInterpreter/open-interpreter,418,340,42,1,Python,919,80.74%
https://github.com/gpt-engineer-org/gpt-engineer,494,342,20,25,Python,474,98.10%
https://github.com/git/git,5887,3,0,1,C,0,0.00%
https://github.com/Semantic-Org/Semantic-UI,4167,356,154,79,JavaScript,6226,84.53%
https://github.com/ionic-team/ionic-framework,4033,5884,878,0,TypeScript,21743,98.05%
https://github.com/deepfakes/faceswap,2451,357,4,18,Python,857,97.67%
https://github.com/google/material-design-icons,3619,47,16,12,N/A,1430,77.83%
https://github.com/NationalSecurityAgency/ghidra,2014,448,38,0,Java,4789,71.50%
https://github.com/tldr-pages/tldr,3923,10972,5,0,Markdown,1315,86.69%
https://github.com/youngyangyang04/leetcode-master,1726,2170,0,0,Shell,233,26.18%
https://github.com/wasabeef/awesome-android-ui,3542,90,0,60,N/A,105,87.62%
https://github.com/jesseduffield/lazygit,2300,1377,152,1,Go,1904,65.60%
https://github.com/google/guava,3751,644,46,2,Java,3573,82.09%
https://github.com/traefik/traefik,3279,4247,428,0,Go,5972,89.57%
https://github.com/soimort/you-get,4398,580,122,16,Python,0,0.00%
https://github.com/juliangarnier/anime,3097,72,15,101,JavaScript,716,70.95%
https://github.com/ultralytics/yolov5,1570,2138,10,0,Python,9225,99.00%
https://github.com/comfyanonymous/ComfyUI,596,474,15,0,Python,3033,44.97%
https://github.com/jgraph/drawio-desktop,2659,20,142,5,JavaScript,1454,92.37%
https://github.com/xai-org/grok-1,171,5,0,5,Python,208,65.87%
https://github.com/commaai/openpilot,2841,10120,55,0,Python,2729,95.35%
https://github.com/jgthms/bulma,3147,630,20,19,CSS,2639,89.35%
https://github.com/prettier/prettier,2836,8169,117,1,JavaScript,6623,82.98%
https://github.com/jekyll/jekyll,5798,3136,109,6,Ruby,4826,97.74%
https://github.com/Textualize/rich,1760,785,162,9,Python,1298,87.83%
https://github.com/JetBrains/kotlin,4587,2059,235,0,Kotlin,0,0.00%
https://github.com/sharkdp/bat,2328,1315,40,3,Rust,1402,79.74%
https://github.com/pi-hole/pi-hole,3741,1892,106,1,Shell,2835,98.91%
https://github.com/FiloSottile/mkcert,2263,53,14,22,Go,338,70.71%
https://github.com/Z4nzu/hackingtool,1607,55,0,35,Python,355,83.66%
https://github.com/golang-standards/project-layout,2552,85,0,59,Makefile,109,40.37%
https://github.com/DefinitelyTyped/DefinitelyTyped,4352,49916,1,0,TypeScript,8038,93.15%
https://github.com/moment/moment,4936,714,0,21,JavaScript,4121,94.64%
https://github.com/ReactiveX/RxJava,4257,3245,234,2,Java,3157,99.68%
https://github.com/mozilla/pdf.js,4880,7402,65,0,JavaScript,9801,96.09%
https://github.com/chinese-poetry/chinese-poetry,2924,135,1,25,JavaScript,203,45.32%
https://github.com/NARKOZ/hacker-scripts,3210,63,0,317,JavaScript,83,59.04%
https://github.com/dair-ai/Prompt-Engineering-Guide,628,301,0,13,MDX,170,38.24%
https://github.com/BurntSushi/ripgrep,3099,507,71,1,Rust,1610,93.73%
https://github.com/tiimgreen/github-cheat-sheet,3798,129,0,142,N/A,69,68.12%
https://github.com/etcd-io/etcd,4078,8765,237,0,Go,6660,95.87%
https://github.com/ethereum/go-ethereum,3905,7451,199,0,Go,8075,97.16%
https://github.com/topjohnwu/Magisk,2918,1465,135,0,C++,5766,99.62%
https://github.com/vsouza/awesome-ios,3709,2223,0,23,Swift,477,100.00%
https://github.com/TryGhost/Ghost,4141,11238,801,0,JavaScript,6891,99.62%
https://github.com/nocodb/nocodb,2502,3747,148,0,TypeScript,3425,82.57%
https://github.com/mastodon/mastodon,3117,15328,250,0,Ruby,11209,65.73%
https://github.com/cypress-io/cypress,3472,6238,347,0,JavaScript,14366,90.30%
https://github.com/iamkun/dayjs,2339,696,119,15,JavaScript,1639,50.27%
https://github.com/algorithm-visualizer/algorithm-visualizer,3034,183,0,87,JavaScript,112,66.96%
https://github.com/vuejs/core,2276,2736,226,0,TypeScript,5168,87.60%
https://github.com/minio/minio,3521,9596,496,1,Go,7400,99.74%
https://github.com/facebookresearch/segment-anything,531,16,0,1,Jupyter Notebook,659,25.34%
https://github.com/zed-industries/zed,1292,7424,575,0,Rust,7835,64.17%
https://github.com/serverless/serverless,3424,4665,400,0,JavaScript,6300,82.02%
https://github.com/meilisearch/meilisearch,2326,1740,209,0,Rust,1947,91.94%
https://github.com/marktext/marktext,2488,939,36,17,JavaScript,2772,58.55%
https://github.com/ngosang/trackerslist,3055,1,0,1,N/A,441,97.28%
https://github.com/charlax/professional-programming,3224,36,0,1,Python,28,85.71%
https://github.com/minimaxir/big-list-of-naughty-strings,3315,90,0,139,Python,99,32.32%
https://github.com/pmndrs/zustand,1975,649,86,2,TypeScript,668,99.55%
https://github.com/rclone/rclone,3825,1899,103,0,Go,5421,82.84%
https://github.com/gorhill/uBlock,3444,240,269,1,JavaScript,3445,99.65%
https://github.com/square/okhttp,4426,3443,0,2,Kotlin,4055,96.62%
https://github.com/rust-unofficial/awesome-rust,3702,1396,0,0,Rust,134,91.79%
https://github.com/ziishaned/learn-regex,2601,124,0,194,N/A,86,40.70%
https://github.com/JuliaLang/julia,4885,23986,163,0,Julia,25160,83.85%
https://github.com/romkatv/powerlevel10k,2019,158,33,14,Shell,2475,97.82%
https://github.com/justjavac/awesome-wechat-weapp,2904,275,0,219,N/A,0,0.00%
https://github.com/wagoodman/dive,2306,141,26,51,Go,331,49.85%
https://github.com/withastro/astro,1269,6218,1000,0,TypeScript,4555,97.28%
https://github.com/v2ray/v2ray-core,3288,203,247,55,Go,2572,99.53%
https://github.com/laurent22/joplin,2788,3385,349,0,TypeScript,6482,93.88%
https://github.com/karan/Projects,4080,19,0,21,N/A,72,45.83%
https://github.com/n8n-io/n8n,1901,7097,211,0,TypeScript,1729,87.91%
https://github.com/typescript-cheatsheets/react,2286,359,0,37,JavaScript,204,98.53%
https://github.com/agalwood/Motrix,2087,181,21,55,JavaScript,1294,44.59%
https://github.com/ruanyf/weekly,2153,88,0,5,N/A,4901,17.04%
https://github.com/gogs/gogs,3857,1696,78,0,Go,5090,82.44%
https://github.com/sickcodes/Docker-OSX,1553,104,0,1,Shell,615,43.09%
https://github.com/FFmpeg/FFmpeg,4892,16,0,0,C,0,0.00%
https://github.com/kamranahmedse/design-patterns-for-humans,2757,49,0,84,N/A,51,92.16%
https://github.com/PowerShell/PowerShell,3157,6964,173,1,C#,12343,92.93%
https://github.com/Avik-Jain/100-Days-Of-ML-Code,2253,6,0,250,N/A,0,0.00%
https://github.com/poteto/hiring-without-whiteboards,2730,1275,0,8,JavaScript,0,0.00%
https://github.com/firstcontributions/first-contributions,2906,73641,0,0,N/A,775,93.16%
https://github.com/android/architecture-samples,3134,224,0,0,Kotlin,480,71.46%
https://github.com/meteor/meteor,4612,2247,0,0,JavaScript,9076,97.30%
https://github.com/FuelLabs/fuels-rs,1039,796,100,0,Rust,601,86.69%
https://github.com/FuelLabs/fuels-ts,1097,1551,129,0,TypeScript,1195,89.29%
https://github.com/x64dbg/x64dbg,3434,689,2,5,C++,2472,76.09%
https://github.com/langgenius/dify,511,3213,89,0,TypeScript,3507,93.38%
https://github.com/starship/starship,1982,2681,130,0,Rust,2242,73.64%
https://github.com/jestjs/jest,3921,5548,202,1,TypeScript,7878,96.33%
https://github.com/go-gitea/gitea,2864,16109,194,0,Go,13459,81.62%
https://github.com/ColorlibHQ/AdminLTE,3906,1520,74,2,Astro,2839,95.91%
https://github.com/appwrite/appwrite,1976,2989,100,0,TypeScript,3601,83.25%
https://github.com/pixijs/pixijs,4244,3432,265,0,TypeScript,5669,94.13%
https://github.com/geekan/MetaGPT,432,592,21,14,Python,623,51.52%
https://github.com/immich-app/immich,944,4477,202,0,TypeScript,3585,88.09%
https://github.com/parcel-bundler/parcel,2585,2550,35,1,JavaScript,5342,88.97%
https://github.com/aymericdamien/TensorFlow-Examples,3220,88,0,40,Jupyter Notebook,233,29.61%
https://github.com/astaxie/build-web-application-with-golang,4416,757,0,115,Go,303,60.07%
https://github.com/vercel/hyper,2987,3291,88,21,TypeScript,3766,75.97%
https://github.com/pandas-dev/pandas,5125,25848,108,1,Python,26771,86.86%
https://github.com/babel/babel,3629,5866,409,0,TypeScript,8837,92.81%
https://github.com/slab/quill,4419,376,94,8,TypeScript,3580,90.53%
https://github.com/square/retrofit,5112,995,2,5,HTML,2715,95.47%
https://github.com/google/zx,1218,223,67,7,JavaScript,408,97.55%
https://github.com/huginn/huginn,4196,1011,1,1,Ruby,2134,72.35%
https://github.com/jakevdp/PythonDataScienceHandbook,2947,28,0,70,Jupyter Notebook,192,39.58%
https://github.com/WerWolv/ImHex,1394,512,71,12,C++,1147,82.56%
https://github.com/Asabeneh/30-Days-Of-JavaScript,1717,98,0,16,JavaScript,157,37.58%
https://github.com/isocpp/CppCoreGuidelines,3304,804,4,64,CSS,1167,79.26%
https://github.com/type-challenges/type-challenges,1504,557,0,12,TypeScript,33774,10.62%
https://github.com/PaddlePaddle/PaddleOCR,1580,2445,14,2,Python,9235,98.66%
https://github.com/dypsilon/frontend-dev-bookmarks,4092,129,1,106,N/A,105,78.10%
https://github.com/hashicorp/terraform,3828,11721,321,0,Go,20942,91.49%
https://github.com/nlohmann/json,4080,710,44,15,C++,2232,95.92%
https://github.com/dkhamsing/open-source-ios-apps,3509,1159,37,1,N/A,285,100.00%
https://github.com/brillout/awesome-react-components,2994,324,0,23,N/A,49,89.80%
https://github.com/k88hudson/git-flight-rules,3697,224,0,8,N/A,73,75.34%
https://github.com/discourse/discourse,4253,25001,0,0,Ruby,0,0.00%
https://github.com/alist-org/alist,1351,655,113,1,Go,3496,95.71%
https://github.com/TanStack/query,1821,2252,926,0,TypeScript,1871,97.38%
https://github.com/grpc/grpc,3558,19442,324,0,C++,11398,94.59%
https://github.com/localsend/localsend,628,492,21,0,Dart,902,53.77%
https://github.com/streamich/react-use,2139,1519,255,12,TypeScript,572,42.66%
https://github.com/yarnpkg/yarn,3151,1654,152,29,JavaScript,6585,71.66%
https://github.com/yangshun/front-end-interview-handbook,2426,301,0,0,MDX,99,87.88%
https://github.com/Unitech/pm2,4124,546,124,35,JavaScript,4976,81.63%
https://github.com/akullpp/awesome-java,3710,680,0,50,N/A,130,99.23%
https://github.com/react-hook-form/react-hook-form,2010,1941,553,4,TypeScript,4482,99.71%
https://github.com/serhii-londar/open-source-mac-os-apps,2497,522,0,20,N/A,201,76.62%
https://github.com/Alamofire/Alamofire,3688,634,99,6,Swift,2756,98.58%
https://github.com/bailicangdu/vue2-elm,2812,21,0,270,Vue,627,81.66%
https://github.com/Leaflet/Leaflet,5096,2986,31,2,JavaScript,5174,92.17%
https://github.com/Asabeneh/30-Days-Of-Python,1751,55,0,18,Python,140,52.86%
https://github.com/skylot/jadx,4188,483,29,3,Java,1693,76.67%
https://github.com/Homebrew/brew,3104,11333,384,0,Ruby,4474,99.02%
https://github.com/jgraph/drawio,2920,36,838,7,JavaScript,3664,92.71%
https://github.com/GitSquared/edex-ui,2776,399,29,1051,JavaScript,559,98.93%
https://github.com/kelseyhightower/kubernetes-the-hard-way,2981,70,0,30,N/A,406,73.15%
https://github.com/styled-components/styled-components,2941,949,170,5,TypeScript,2893,91.05%
https://github.com/THUDM/ChatGLM-6B,541,49,0,69,Python,1292,57.74%
https://github.com/apache/dubbo,4460,5303,102,0,Java,6981,89.08%
https://github.com/nwjs/nw.js,4627,575,0,7,JavaScript,7324,87.55%
https://github.com/faif/python-patterns,4473,264,0,38,Python,87,87.36%
https://github.com/lllyasviel/Fooocus,392,448,21,14,Python,1490,89.06%
https://github.com/RocketChat/Rocket.Chat,3396,12581,947,0,TypeScript,15914,84.22%
https://github.com/jeecgboot/JeecgBoot,2109,75,46,0,Java,6198,99.23%
https://github.com/dcloudio/uni-app,2246,311,0,0,JavaScript,4532,78.20%
https://github.com/toeverything/AFFiNE,766,4701,352,0,TypeScript,2126,92.38%
https://github.com/alex/what-happens-when,3954,108,0,16,N/A,288,17.71%
https://github.com/microsoft/monaco-editor,3011,449,88,2,JavaScript,3635,85.31%
https://github.com/Stirling-Tools/Stirling-PDF,586,792,84,0,Java,735,77.96%
https://github.com/vuetifyjs/vuetify,2914,3951,565,0,TypeScript,14126,95.21%
https://github.com/nolimits4web/swiper,4557,578,74,2,JavaScript,5549,97.75%
https://github.com/LeCoupa/awesome-cheatsheets,2491,169,0,11,JavaScript,86,63.95%
https://github.com/oobabooga/text-generation-webui,623,1008,50,0,Python,3593,94.04%
https://github.com/lyswhut/lx-music-desktop,1848,35,108,11,TypeScript,1812,62.75%
https://github.com/apache/spark,3844,7,0,0,Scala,0,0.00%
https://github.com/hexojs/hexo,4364,912,114,17,TypeScript,3940,98.05%
https://github.com/dbeaver/dbeaver,3241,4979,207,0,Java,17389,85.85%
https://github.com/lobehub/lobe-chat,472,1036,853,0,TypeScript,1902,82.07%
https://github.com/apachecn/ailearning,2748,477,2,184,Python,112,98.21%
https://github.com/fastlane/fastlane,3564,6177,543,12,Ruby,12950,95.92%
https://github.com/DovAmir/awesome-design-patterns,2284,30,0,85,N/A,13,38.46%
https://github.com/Dogfalo/materialize,3645,449,41,41,JavaScript,5221,88.07%
https://github.com/sudheerj/reactjs-interview-questions,2288,155,0,8,JavaScript,104,95.19%
https://github.com/Kong/kong,3579,5956,141,0,Lua,4392,99.25%
https://github.com/prisma/prisma,1903,5499,196,0,TypeScript,10437,71.04%
https://github.com/Light-City/CPlusPlusThings,1879,72,0,82,C++,221,97.29%
https://github.com/pocketbase/pocketbase,792,49,144,8,Go,1457,97.39%
https://github.com/hpcaitech/ColossalAI,1042,3523,42,0,Python,1647,76.32%
https://github.com/pyenv/pyenv,4387,878,103,11,Roff,1759,97.21%
https://github.com/getsentry/sentry,5119,56139,135,0,Python,13213,79.99%
https://github.com/acmesh-official/acme.sh,3175,1306,41,14,Shell,3078,67.54%
https://github.com/psf/black,2366,1473,44,9,Python,2617,86.36%
https://github.com/Stability-AI/stablediffusion,651,18,0,26,Python,303,23.76%
https://github.com/chubin/cheat.sh,2677,122,0,74,Python,247,51.82%
https://github.com/bannedbook/fanqiang,3521,3,3,17,Kotlin,754,59.55%
https://github.com/metabase/metabase,3502,24139,554,0,Clojure,19816,80.73%
https://github.com/open-webui/open-webui,334,1149,47,0,Svelte,1985,93.70%
https://github.com/floodsung/Deep-Learning-Papers-Reading-Roadmap,2882,28,0,647,Python,53,9.43%
https://github.com/evanw/esbuild,3004,234,288,19,Go,3451,87.37%
https://github.com/php/php-src,4829,3204,0,0,C,2957,78.36%
https://github.com/videojs/video.js,5227,1766,320,7,JavaScript,5268,90.57%
https://github.com/google-research/bert,2141,32,0,43,Python,1142,30.82%
https://github.com/tabler/tabler,2407,486,42,7,HTML,907,91.95%
https://github.com/impress/impress.js,4634,121,15,131,JavaScript,479,88.73%
https://github.com/iina/iina,2816,732,44,2,Swift,3890,58.07%
https://github.com/PhilJay/MPAndroidChart,3785,190,44,15,Java,4939,58.39%
https://github.com/wg/wrk,4551,0,0,249,C,402,65.17%
https://github.com/spf13/cobra,4019,583,22,11,Go,1152,83.07%
https://github.com/chakra-ui/chakra-ui,1845,2408,1000,0,MDX,3649,92.30%
https://github.com/google/styleguide,3395,161,0,38,HTML,331,50.15%
https://github.com/odoo/odoo,3767,6175,0,0,Python,17616,84.34%
https://github.com/bigskysoftware/htmx,1605,758,22,2,JavaScript,1368,60.89%
https://github.com/GokuMohandas/Made-With-ML,2130,147,0,17,Jupyter Notebook,71,78.87%
https://github.com/1c7/chinese-independent-developer,2540,236,0,1,N/A,139,99.28%
https://github.com/FreeCodeCampChina/freecodecamp.cn,2896,55,0,416,CSS,585,76.07%
https://github.com/LAION-AI/Open-Assistant,631,1616,127,18,Python,1641,86.41%
https://github.com/phaserjs/phaser,4163,1679,150,0,JavaScript,4366,99.24%
https://github.com/QSCTech/zju-icicles,2990,211,0,15,HTML,76,84.21%
https://github.com/pingcap/tidb,3286,29474,197,0,Go,18825,81.62%
https://github.com/coreybutler/nvm-windows,3637,97,20,33,Go,849,91.64%
https://github.com/mingrammer/diagrams,1676,255,40,45,Python,494,38.46%
https://github.com/mlabonne/llm-course,445,1,0,38,Jupyter Notebook,67,38.81%
https://github.com/freefq/free,1550,0,0,15,N/A,658,27.96%
https://github.com/byoungd/English-level-up-tips,2654,26,0,53,HTML,98,73.47%
https://github.com/cli/cli,1798,2173,140,0,Go,4306,85.21%
https://github.com/dani-garcia/vaultwarden,2391,826,59,3,Rust,2022,99.55%
https://github.com/ClickHouse/ClickHouse,3016,39905,582,0,C++,21059,83.76%
https://github.com/preactjs/preact,3281,1670,209,5,JavaScript,1812,92.99%
https://github.com/0voice/interview_internal_reference,1913,35,0,107,Python,45,40.00%
https://github.com/eugenp/tutorials,4146,12288,0,0,Java,756,96.69%
https://github.com/go-gorm/gorm,3967,714,2,8,Go,5742,92.98%
https://github.com/dylanaraps/pure-bash-bible,2275,28,0,281,Shell,77,42.86%
https://github.com/bradtraversy/50projects50days,1388,42,0,15,CSS,0,0.00%
https://github.com/lm-sys/FastChat,535,800,14,0,Python,1759,57.25%
https://github.com/ant-design/ant-design-pro,2567,964,26,4,TypeScript,9637,98.55%
https://github.com/opentofu/manifesto,388,763,0,7,HTML,25,44.00%
https://github.com/jesseduffield/lazydocker,1936,181,40,18,Go,317,57.10%
https://github.com/apache/airflow,3432,21683,88,0,Python,9545,90.94%
https://github.com/gto76/python-cheatsheet,2414,14,0,3,Python,65,92.31%
https://github.com/karpathy/nanoGPT,616,44,0,16,Python,312,32.69%
https://github.com/google/leveldb,3661,62,21,12,C++,755,70.73%
https://github.com/koalaman/shellcheck,4309,285,29,3,Haskell,2649,61.99%
https://github.com/vim/vim,3305,438,0,1,Vim Script,8204,82.69%
https://github.com/AobingJava/JavaFamily,1758,2,0,0,N/A,62,96.77%
https://github.com/QuivrHQ/quivr,481,1607,315,0,Python,1304,92.33%
https://github.com/mitmproxy/mitmproxy,5314,2380,66,0,Python,3358,90.56%
https://github.com/istio/istio,2847,26086,356,0,Go,19859,97.54%
https://github.com/XingangPan/DragGAN,475,18,0,109,Python,188,24.47%
https://github.com/open-guides/og-aws,2975,498,0,19,Shell,227,38.33%
https://github.com/vlang/v,2035,10755,222,0,V,8508,89.45%
https://github.com/lerna/lerna,3197,966,238,4,TypeScript,2621,85.96%
https://github.com/satwikkansal/wtfpython,2564,100,2,83,Python,197,63.45%
https://github.com/exacity/deeplearningbook-chinese,2828,16,7,1737,TeX,201,68.16%
https://github.com/TencentARC/GFPGAN,1265,14,8,40,Python,471,26.75%
https://github.com/alibaba/arthas,2198,515,53,1,Java,1985,83.88%
https://github.com/curl/curl,5284,182,81,0,C,4650,99.87%
https://github.com/NervJS/taro,2341,3226,182,1,TypeScript,11179,88.85%
https://github.com/alvarotrigo/fullPage.js,4002,310,96,5,JavaScript,4085,96.70%
https://github.com/suno-ai/bark,516,19,0,16,Jupyter Notebook,432,53.24%
https://github.com/run-llama/llama_index,672,5192,318,0,Python,4975,87.46%
https://github.com/geekxh/hello-algorithm,1559,26,0,449,Java,42,76.19%
https://github.com/dotnet/aspnetcore,3830,16030,232,0,C#,34566,90.36%
https://github.com/tldraw/tldraw,1214,2179,38,0,TypeScript,1162,78.83%
https://github.com/koajs/koa,4064,497,0,4,JavaScript,907,97.79%
https://github.com/aria2/aria2,5030,252,24,32,C++,1847,43.69%
https://github.com/shadowsocks/shadowsocks-android,4280,255,184,6,Kotlin,2489,98.43%
https://github.com/bevyengine/bevy,1691,3527,28,1,Rust,5305,67.03%
https://github.com/airbnb/lottie-android,2890,682,50,0,Java,1714,98.66%
https://github.com/denysdovhan/wtfjs,2609,124,25,279,JavaScript,112,85.71%
https://github.com/SheetJS/sheetjs,4293,106,0,139,N/A,2384,95.09%
https://github.com/freeCodeCamp/devdocs,3968,753,0,0,Ruby,1171,85.14%
https://github.com/babysor/MockingBird,1124,77,1,6,Python,876,46.92%
https://github.com/nativefier/nativefier,3349,261,99,341,TypeScript,1237,79.39%
https://github.com/sahat/hackathon-starter,3948,323,15,114,JavaScript,650,98.92%
https://github.com/microsoft/DeepSpeed,1686,2332,78,0,Python,2704,63.02%
https://github.com/formulahendry/955.WLB,1988,18,0,103,N/A,260,31.15%
https://github.com/bumptech/glide,4076,538,47,14,Java,4432,88.24%
https://github.com/naptha/tesseract.js,3360,175,54,5,JavaScript,692,96.10%
https://github.com/chenfei-wu/TaskMatrix,552,21,0,242,Python,351,38.18%
https://github.com/termux/termux-app,3239,150,91,8,Java,2643,87.55%
https://github.com/jondot/awesome-react-native,3450,912,0,61,JavaScript,72,48.61%
https://github.com/unknwon/the-way-to-go_ZH_CN,4182,592,0,21,Go,0,0.00%
https://github.com/openai/gym,3052,999,19,125,Python,1819,94.67%
https://github.com/nodejs/node-v0.x-archive,5579,218,0,20,N/A,6378,100.00%
https://github.com/carbon-app/carbon,2637,659,215,33,JavaScript,671,89.72%
https://github.com/photoprism/photoprism,2412,646,70,0,Go,2170,79.77%
https://github.com/date-fns/date-fns,3621,1067,120,0,TypeScript,1876,70.68%
https://github.com/streamlit/streamlit,1838,4038,83,0,Python,4466,79.89%
https://github.com/Ryujinx/Ryujinx,2404,2971,0,2,C#,3352,72.32%
https://github.com/tmux/tmux,3381,1,35,7,C,3401,98.65%
https://github.com/huihut/interview,2399,35,0,169,C++,62,64.52%
https://github.com/Kong/insomnia,3056,2792,461,0,JavaScript,3613,81.73%
https://github.com/trpc/trpc,1509,3233,200,2,TypeScript,1077,91.36%
https://github.com/zhongyang219/TrafficMonitor,2593,43,24,172,C++,1658,38.36%
https://github.com/2dust/v2rayNG,1939,248,188,5,Kotlin,2742,99.02%
https://github.com/ggerganov/whisper.cpp,710,532,17,2,C,1289,50.35%
https://github.com/google/googletest,3326,808,9,6,C++,2235,87.70%
https://github.com/lapce/lapce,2402,1096,31,0,Rust,1884,61.09%
https://github.com/novuhq/novu,1105,4049,36,0,TypeScript,1465,81.09%
https://github.com/BVLC/caffe,4010,1087,14,35,C++,4797,81.24%
https://github.com/zenorocha/clipboard.js,3274,117,42,239,JavaScript,625,98.56%
https://github.com/typeorm/typeorm,3110,1969,32,19,TypeScript,8133,70.53%
https://github.com/microsoft/AI-For-Beginners,1281,158,0,5,Jupyter Notebook,111,82.88%
https://github.com/junegunn/vim-plug,4012,175,8,57,Vim Script,1018,93.71%
https://github.com/jaredpalmer/formik,2639,828,196,5,TypeScript,2240,69.20%
https://github.com/jgm/pandoc,5282,1573,137,0,Haskell,7586,86.16%
https://github.com/google-research/google-research,2162,29,0,4,Jupyter Notebook,1230,26.34%
https://github.com/testerSunshine/12306,2667,31,1,521,Python,691,67.44%
https://github.com/rapid7/metasploit-framework,4754,10705,0,1,Ruby,6026,93.40%
https://github.com/xitu/gold-miner,3227,3563,0,140,N/A,5593,99.91%
https://github.com/files-community/Files,2070,5051,116,1,C#,9938,95.49%
https://github.com/NaiboWang/EasySpider,1509,32,9,8,JavaScript,479,81.63%
https://github.com/SimplifyJobs/Summer2025-Internships,1565,1668,0,0,N/A,2341,99.74%
https://github.com/ziglang/zig,3317,7897,18,0,Zig,11197,73.85%
https://github.com/shadowsocks/shadowsocks,4520,70,2,156,Python,0,0.00%
https://github.com/docker/compose,3922,3100,230,0,Go,7636,97.08%
https://github.com/hankcs/HanLP,3618,78,57,13,Python,1408,99.36%
https://github.com/docker/awesome-compose,1665,149,0,23,HTML,113,34.51%
https://github.com/sorrycc/awesome-javascript,3718,380,0,1,N/A,89,96.63%
https://github.com/AFNetworking/AFNetworking,4845,710,40,596,Objective-C,0,0.00%
https://github.com/httpie/cli,4575,399,46,14,Python,870,81.95%
https://github.com/adobe/brackets,4655,4332,69,815,JavaScript,9683,72.97%
https://github.com/sharkdp/fd,2675,582,40,1,Rust,854,88.76%
https://github.com/netty/netty,5048,3536,0,0,Java,6448,91.30%
https://github.com/Blankj/AndroidUtilCode,2958,88,117,20,Java,1571,81.29%
https://github.com/hacksider/Deep-Live-Cam,346,25,1,4,Python,382,43.19%
https://github.com/goabstract/Awesome-Design-Tools,2031,283,0,38,JavaScript,34,73.53%
https://github.com/coqui-ai/TTS,1568,467,98,19,Python,1092,93.77%
https://github.com/jellyfin/jellyfin,2096,4167,77,0,C#,6252,93.54%
https://github.com/atlassian/react-beautiful-dnd,2583,527,68,0,JavaScript,1601,65.15%
https://github.com/halo-dev/halo,2359,2173,188,0,Java,3833,91.23%
https://github.com/PKUanonym/REKCARC-TSC-UHT,1979,156,0,43,HTML,31,96.77%
https://github.com/fxsjy/jieba,4358,96,9,14,Python,850,26.71%
https://github.com/saadeghi/daisyui,1376,284,41,10,Svelte,1570,94.84%
https://github.com/gulpjs/gulp,4080,404,23,96,JavaScript,1928,98.76%
https://github.com/XX-net/XX-Net,3520,362,388,85,Python,13288,40.63%
https://github.com/appsmithorg/appsmith,1527,12231,241,0,TypeScript,20746,82.13%
https://github.com/immutable-js/immutable-js,3717,513,80,7,TypeScript,1239,91.61%
https://github.com/ray-project/ray,2871,22989,91,0,Python,18330,81.04%
https://github.com/gofiber/fiber,1693,1462,122,2,Go,1409,93.68%
https://github.com/xkcoding/spring-boot-demo,2490,15,0,42,Java,165,44.24%
https://github.com/colinhacks/zod,1642,495,89,1,TypeScript,1926,79.65%
https://github.com/LC044/WeChatMsg,602,62,32,46,Python,399,87.47%
https://github.com/markedjs/marked,4791,1391,135,0,JavaScript,1498,98.53%
https://github.com/halfrost/LeetCode-Go,2605,174,4,74,Go,77,80.52%
https://github.com/zxing/zxing,4711,311,31,0,Java,1276,99.45%
https://github.com/slidevjs/slidev,1229,577,353,2,TypeScript,1020,93.53%
https://github.com/typst/typst,1807,1221,16,0,Rust,2404,76.04%
https://github.com/expo/expo,2942,13812,0,0,TypeScript,14324,97.07%
https://github.com/alebcay/awesome-shell,3712,307,0,14,N/A,57,38.60%
https://github.com/helix-editor/helix,1556,3574,26,0,Rust,4426,86.67%
https://github.com/ccxt/ccxt,2670,11435,74,0,Python,10153,91.83%
https://github.com/bilibili/ijkplayer,4111,35,0,22,C,5353,47.39%
https://github.com/shadowsocks/ShadowsocksX-NG,3008,63,29,525,Swift,1352,77.22%
https://github.com/typicode/husky,3726,258,78,6,JavaScript,1037,96.72%
https://github.com/google/material-design-lite,3521,655,14,44,HTML,2186,82.89%
https://github.com/penpot/penpot,3172,2985,40,0,Clojure,1534,78.88%
https://github.com/carbon-language/carbon-lang,1591,2918,77,0,C++,598,82.61%
https://github.com/laravel/framework,4255,15285,749,0,PHP,18150,99.94%
https://github.com/harness/gitness,3862,1022,42,0,Go,1952,92.62%
https://github.com/RVC-Boss/GPT-SoVITS,234,254,1,1,Python,1159,53.93%
https://github.com/TheAlgorithms/JavaScript,2610,787,0,33,JavaScript,192,97.92%
https://github.com/solidjs/solid,2325,347,34,1,TypeScript,989,91.91%
https://github.com/alibaba/easyexcel,2402,188,13,23,Java,3466,88.69%
https://github.com/gradio-app/gradio,2086,3685,1000,0,Python,4676,88.64%
https://github.com/logseq/logseq,1565,2928,147,0,Clojure,7612,79.69%
https://github.com/sqlmapproject/sqlmap,4453,167,9,10,Python,5215,99.02%
https://github.com/fastify/fastify,2898,2754,285,0,JavaScript,1976,96.41%
https://github.com/DIYgod/RSSHub,2347,8985,0,0,TypeScript,5424,94.25%
https://github.com/GitHubDaily/GitHubDaily,2075,3,0,98,N/A,440,37.95%
https://github.com/clash-verge-rev/clash-verge-rev,288,101,39,0,TypeScript,1502,82.56%
https://github.com/bayandin/awesome-awesomeness,3711,197,0,94,Ruby,68,76.47%
https://github.com/Trinea/android-open-project,3895,204,0,58,N/A,84,88.10%
https://github.com/nushell/nushell,1944,6662,98,0,Rust,5627,76.22%
https://github.com/karanpratapsingh/system-design,751,11,0,147,N/A,20,95.00%
https://github.com/The-Run-Philosophy-Organization/run,878,172,0,35,N/A,252,84.13%
https://github.com/fengdu78/Coursera-ML-AndrewNg-Notes,2496,13,0,86,HTML,67,22.39%
https://github.com/beego/beego,4571,1295,33,2,Go,3339,99.73%
https://github.com/huggingface/pytorch-image-models,2041,366,59,1,Python,904,95.02%
https://github.com/reworkd/AgentGPT,516,539,12,1,TypeScript,456,73.25%
https://github.com/certbot/certbot,3584,3757,52,1,Python,5313,96.61%
https://github.com/Chanzhaoyu/chatgpt-web,573,159,43,19,Vue,1743,99.89%
https://github.com/kilimchoi/engineering-blogs,3371,681,0,14,Ruby,91,81.32%
https://github.com/chatchat-space/Langchain-Chatchat,523,603,31,1,TypeScript,3770,97.48%
https://github.com/calcom/cal.com,1262,7341,283,0,TypeScript,6551,88.73%
https://github.com/hasura/graphql-engine,2270,2109,271,0,TypeScript,6206,64.16%
https://github.com/python-poetry/poetry,2380,2078,133,1,Python,5841,89.51%
https://github.com/TeamNewPipe/NewPipe,3289,1556,131,5,Java,8926,86.68%
https://github.com/blueimp/jQuery-File-Upload,5026,119,0,468,PHP,3307,98.52%
https://github.com/All-Hands-AI/OpenHands,175,1880,10,0,Python,1304,90.80%
https://github.com/jaywcjlove/linux-command,2853,330,29,1,Markdown,184,63.59%
https://github.com/swc-project/swc,2448,4811,549,0,Rust,3517,90.30%
https://github.com/geekcomputers/Python,4662,1488,0,1,Python,410,31.95%
https://github.com/zsh-users/zsh-autosuggestions,3966,112,0,52,Shell,589,76.40%
https://github.com/coollabsio/coolify,1318,917,523,0,PHP,1586,82.16%
https://github.com/hashicorp/vault,3479,18801,148,0,Go,6115,83.09%
https://github.com/ziadoz/awesome-php,3935,441,0,1,N/A,138,98.55%
https://github.com/CMU-Perceptual-Computing-Lab/openpose,2690,174,15,32,C++,1966,84.44%
https://github.com/doocs/leetcode,2180,3124,20,0,Java,43,95.35%
https://github.com/astral-sh/ruff,757,7308,322,0,Rust,5065,80.45%
https://github.com/mqyqingfeng/Blog,2732,3,0,264,N/A,314,31.21%
https://github.com/microsoft/MS-DOS,2263,37,0,132,Assembly,0,0.00%
https://github.com/ReactiveX/rxjs,3461,2587,2,68,TypeScript,3148,93.20%
https://github.com/ibraheemdev/modern-unix,1331,10,0,51,N/A,81,19.75%
https://github.com/spacedriveapp/spacedrive,1073,1827,25,0,TypeScript,443,83.75%
https://github.com/amix/vimrc,4481,107,0,17,Vim Script,510,100.00%
https://github.com/yewstack/yew,2454,1701,35,2,MDX,1236,90.78%
https://github.com/microsoft/autogen,383,1189,58,0,Jupyter Notebook,1592,68.78%
https://github.com/ryanhanwu/How-To-Ask-Questions-The-Smart-Way,3448,97,0,143,JavaScript,29,75.86%
https://github.com/pcottle/learnGitBranching,4405,567,0,3,JavaScript,479,93.53%
https://github.com/niklasvh/html2canvas,4799,186,45,48,TypeScript,2577,64.18%
https://github.com/alibaba/p3c,2630,62,0,29,Kotlin,856,81.54%
https://github.com/SerenityOS/serenity,2103,18550,0,3,C++,4176,83.02%
https://github.com/lib-pku/libpku,2113,22,0,973,TeX,41,75.61%
https://github.com/facebookresearch/faiss,2766,136,16,0,C++,2460,91.22%
https://github.com/2noise/ChatTTS,100,193,1,1,Python,495,79.39%
https://github.com/portainer/portainer,3030,4722,119,0,TypeScript,5624,91.84%
https://github.com/Binaryify/NeteaseCloudMusicApi,2996,292,0,189,N/A,1337,89.01%
https://github.com/airbnb/lottie-web,3484,133,0,29,JavaScript,2853,74.27%
https://github.com/ehang-io/nps,2131,74,59,97,Go,1172,59.47%
https://github.com/vercel/swr,1773,763,115,55,TypeScript,903,88.59%
https://github.com/ityouknow/spring-boot-examples,2860,7,0,291,Java,106,93.40%
https://github.com/hiyouga/LLaMA-Factory,465,191,30,0,Python,4719,97.63%
https://github.com/qishibo/AnotherRedisDesktopManager,2066,140,50,2,JavaScript,996,87.65%
https://github.com/SeleniumHQ/selenium,4251,2116,97,0,Java,10352,98.40%
https://github.com/mathiasbynens/dotfiles,4748,44,0,30,Shell,390,63.59%
https://github.com/facebookresearch/fairseq,2563,229,16,40,Python,4181,72.93%
https://github.com/jqlang/jq,4431,543,13,8,C,2200,83.09%
https://github.com/TheAlgorithms/C-Plus-Plus,2972,615,0,0,C++,289,96.19%
https://github.com/joshbuchea/HEAD,3059,86,0,75,N/A,93,78.49%
https://github.com/alibaba/nacos,2273,2795,69,0,Java,8499,97.25%
https://github.com/facebookresearch/detectron2,1826,0,10,13,Python,3495,87.70%
https://github.com/usememos/memos,1001,1472,68,0,Go,1893,98.73%
https://github.com/mattermost/mattermost,3369,16599,609,0,TypeScript,8413,92.26%
https://github.com/AykutSarac/jsoncrack.com,948,75,20,0,TypeScript,220,82.27%
https://github.com/cockroachdb/cockroach,3863,57604,0,0,Go,64978,91.79%
https://github.com/0xAX/linux-insides,3532,575,0,49,Python,182,83.52%
https://github.com/yunjey/pytorch-tutorial,2735,28,0,386,Python,178,63.48%
https://github.com/vuejs/vue-cli,3175,1258,177,49,JavaScript,5484,83.02%
https://github.com/google/jax,2141,10362,109,0,Python,5473,75.97%
https://github.com/veggiemonk/awesome-docker,3636,915,1,13,N/A,125,100.00%
https://github.com/geekan/HowToLiveLonger,872,13,0,218,N/A,129,79.84%
https://github.com/foundation/foundation-sites,4710,2950,78,30,HTML,8221,99.10%
https://github.com/zhayujie/chatgpt-on-wechat,759,217,58,0,Python,1761,85.80%
https://github.com/lllyasviel/ControlNet,581,5,0,192,Python,540,24.44%
https://github.com/floating-ui/floating-ui,3081,1030,446,9,TypeScript,1352,98.59%
https://github.com/explosion/spaCy,3716,3555,125,0,Python,5628,97.92%
https://github.com/symfony/symfony,5357,22628,510,1,PHP,20243,97.35%
https://github.com/ianstormtaylor/slate,3000,1841,175,1,TypeScript,3128,79.57%
https://github.com/OpenBB-finance/OpenBB,1354,3867,37,5,Python,2043,98.83%
https://github.com/lizongying/my-tv,275,11,72,76,C,892,85.54%
https://github.com/Pythagora-io/gpt-pilot,385,395,0,16,Python,512,57.23%
https://github.com/microsoft/calculator,2046,854,0,0,C++,1048,66.98%
https://github.com/coolsnowwolf/lede,2555,1957,6,0,C,8558,91.39%
https://github.com/react-boilerplate/react-boilerplate,3486,715,16,531,JavaScript,1902,95.79%
https://github.com/ariya/phantomjs,5000,562,0,648,C++,4745,99.70%
https://github.com/layui/layui,3270,484,125,5,JavaScript,1028,96.98%
https://github.com/sequelize/sequelize,5158,4733,478,0,TypeScript,10322,91.81%
https://github.com/webtorrent/webtorrent,3977,893,191,0,JavaScript,1635,95.72%
https://github.com/labstack/echo,3475,569,104,19,Go,1416,96.40%
https://github.com/maybe-finance/maybe,247,536,16,1,Ruby,334,96.71%
https://github.com/elsewhencode/project-guidelines,2623,113,0,183,JavaScript,38,76.32%
https://github.com/SortableJS/Sortable,3912,246,27,1,JavaScript,1783,74.59%
https://github.com/FlowiseAI/Flowise,523,821,50,0,TypeScript,1305,69.12%
https://github.com/upscayl/upscayl,767,67,27,2,TypeScript,727,95.19%
https://github.com/tatsu-lab/stanford_alpaca,544,6,0,49,Python,267,36.33%
https://github.com/square/leakcanary,3416,919,43,7,Kotlin,1607,94.09%
https://github.com/donnemartin/interactive-coding-challenges,3417,176,0,119,Python,67,47.76%
https://github.com/balena-io/etcher,3235,1722,280,29,TypeScript,2223,80.66%
https://github.com/milvus-io/milvus,1815,19105,87,0,Go,11572,94.78%
https://github.com/aosabook/500lines,3957,175,0,382,JavaScript,70,55.71%
https://github.com/lukehoban/es6features,3838,41,0,586,N/A,57,63.16%
https://github.com/IanLunn/Hover,3898,23,10,312,SCSS,107,77.57%
https://github.com/CSSEGISandData/COVID-19,1674,2152,0,452,N/A,3758,55.32%
https://github.com/kubernetes/minikube,3064,8012,148,1,Go,9601,92.78%
https://github.com/pnpm/pnpm,3142,2223,945,0,TypeScript,4225,62.82%
https://github.com/ShareX/ShareX,3984,739,79,5,C#,6441,91.41%
https://github.com/lukasz-madon/awesome-remote-job,3533,557,0,23,N/A,54,77.78%
https://github.com/apolloconfig/apollo,3106,1383,40,5,Java,3234,95.49%
https://github.com/standard/standard,3508,412,5,20,JavaScript,1228,91.12%
https://github.com/pola-rs/polars,1575,9067,174,0,Rust,8520,78.06%
https://github.com/open-mmlab/mmdetection,2205,2359,53,14,Python,8282,80.91%
https://github.com/AMAI-GmbH/AI-Expert-Roadmap,1411,13,0,248,JavaScript,64,71.88%
https://github.com/remoteintech/remote-jobs,3249,1202,0,27,JavaScript,172,86.63%
https://github.com/parallax/jsPDF,5386,700,32,27,JavaScript,2488,95.26%
https://github.com/dromara/hutool,3797,412,145,0,Java,2763,99.89%
https://github.com/transloadit/uppy,3215,2848,117,0,TypeScript,2290,94.59%
https://github.com/v2fly/v2ray-core,1969,800,86,1,Go,945,94.39%
https://github.com/VincentGarreau/particles.js,3651,21,6,160,JavaScript,404,26.24%
https://github.com/lovell/sharp,4034,284,88,19,JavaScript,3780,97.20%
https://github.com/qier222/YesPlayMusic,1426,278,30,22,Vue,1728,67.30%
https://github.com/remix-run/remix,1409,3239,146,1,TypeScript,2431,89.80%
https://github.com/zeromicro/go-zero,1489,2035,115,1,Go,1626,84.75%
https://github.com/herrbischoff/awesome-macos-command-line,3270,104,0,1098,N/A,0,0.00%
https://github.com/OAI/OpenAPI-Specification,3838,1100,10,0,Markdown,2217,91.79%
https://github.com/kodecocodes/swift-algorithm-club,3144,608,0,118,Swift,214,85.51%
https://github.com/ToolJet/ToolJet,1254,4979,235,0,JavaScript,4262,82.21%
https://github.com/trailofbits/algo,3034,530,2,5,Jinja,1593,89.52%
https://github.com/fabricjs/fabric.js,5201,2188,152,0,JavaScript,6024,94.09%
https://github.com/tastejs/todomvc,4842,758,6,19,JavaScript,782,84.27%
https://github.com/KRTirtho/spotube,1298,214,33,16,Dart,1176,66.75%
https://github.com/jobbole/awesome-python-cn,3228,51,0,737,Makefile,31,58.06%
https://github.com/influxdata/influxdb,3996,9912,86,0,Rust,13394,85.47%
https://github.com/huiyadanli/RevokeMsgPatcher,1872,10,18,81,C#,656,92.84%
https://github.com/aseprite/aseprite,3669,273,104,1,C++,3810,58.61%
https://github.com/composer/composer,4837,2817,202,0,PHP,7687,98.14%
https://github.com/makeplane/plane,655,4180,35,0,TypeScript,923,61.86%
https://github.com/JushBJJ/Mr.-Ranedeer-AI-Tutor,523,19,3,163,N/A,46,71.74%
https://github.com/postcss/postcss,3998,733,257,0,TypeScript,973,98.15%
https://github.com/vuejs/vuex,3338,655,51,29,JavaScript,1264,92.25%
https://github.com/cheeriojs/cheerio,4714,2337,58,0,TypeScript,1180,97.63%
https://github.com/kenwheeler/slick,3817,249,48,5,JavaScript,3605,66.60%
https://github.com/Ebazhanov/linkedin-skill-assessments-quizzes,1880,5594,1,10,N/A,882,90.02%
https://github.com/ascoders/weekly,2725,136,193,10,JavaScript,364,99.73%
https://github.com/gchq/CyberChef,2837,449,446,15,JavaScript,962,61.33%
https://github.com/alibaba/canal,4252,456,30,6,Java,4529,76.71%
https://github.com/dokku/dokku,4106,3619,278,0,Shell,2700,98.19%
https://github.com/codepath/android_guides,4095,10,0,477,N/A,379,57.78%
https://github.com/apache/kafka,4769,9113,0,0,Java,0,0.00%
https://github.com/tqdm/tqdm,3381,284,128,18,Python,988,58.81%
https://github.com/myshell-ai/OpenVoice,280,17,0,14,Python,228,22.81%
https://github.com/pbatard/rufus,4673,1,80,18,C,2308,99.48%
https://github.com/facebook/rocksdb,4296,603,193,0,C++,3193,79.96%
https://github.com/hashicorp/consul,3957,13249,182,0,Go,5438,78.23%
https://github.com/linexjlin/GPTs,298,44,0,9,N/A,26,76.92%
https://github.com/wuyouzhuguli/SpringAll,2317,1,0,96,Java,47,57.45%
https://github.com/GoogleChrome/lighthouse,3102,5254,112,1,JavaScript,9026,94.04%
https://github.com/realpython/python-guide,4922,683,0,37,Batchfile,273,64.47%
https://github.com/caolan/async,5209,538,7,2,JavaScript,1130,99.73%
https://github.com/codex-team/editor.js,3203,835,88,15,TypeScript,1460,61.30%
https://github.com/AllThingsSmitty/css-protips,3294,67,0,73,N/A,60,98.33%
https://github.com/encode/django-rest-framework,4935,2960,18,8,Python,3907,98.69%
https://github.com/jashkenas/backbone,5088,880,0,2,JavaScript,2407,98.34%
https://github.com/mckaywrigley/chatbot-ui,543,281,0,32,TypeScript,950,85.37%
https://github.com/ZuzooVn/machine-learning-for-software-engineers,2887,60,0,85,N/A,25,36.00%
https://github.com/facebook/folly,4478,9,204,0,C++,1129,79.54%
https://github.com/ultralytics/ultralytics,724,2113,61,0,Python,8556,91.78%
https://github.com/acheong08/ChatGPT,641,294,277,399,Python,805,98.63%
https://github.com/zbezj/HEU_KMS_Activator,1900,0,36,27,N/A,148,13.51%
https://github.com/freqtrade/freqtrade,2667,5207,88,0,Python,4649,99.12%
https://github.com/pmndrs/react-spring,2373,416,49,1,TypeScript,1231,91.47%
https://github.com/gedoor/legado,1932,1000,115,0,Kotlin,2366,98.22%
https://github.com/Lightning-AI/pytorch-lightning,1984,8734,160,1,Python,7044,89.35%
https://github.com/alibaba/druid,4689,1348,51,6,Java,4386,51.55%
https://github.com/karpathy/LLM101n,100,0,0,34,N/A,0,0.00%
https://github.com/alpinejs/alpine,1742,643,129,22,HTML,598,100.00%
https://github.com/jamiebuilds/the-super-tiny-compiler,3099,20,0,198,JavaScript,0,0.00%
https://github.com/llvm/llvm-project,2828,24455,113,0,LLVM,75703,69.85%
https://github.com/alibaba/spring-cloud-alibaba,2469,1036,42,1,Java,2367,87.16%
https://github.com/mpv-player/mpv,4344,2721,85,0,C,9941,91.69%
https://github.com/servo/servo,4592,17014,0,0,Rust,12518,75.56%
https://github.com/microsoft/Data-Science-For-Beginners,1281,293,0,8,Jupyter Notebook,115,82.61%
https://github.com/ageron/handson-ml2,2066,64,0,83,Jupyter Notebook,512,58.59%
https://github.com/xinntao/Real-ESRGAN,1143,21,10,29,Python,664,25.15%
https://github.com/digitalocean/nginxconfig.io,2434,185,0,4,JavaScript,235,77.45%
https://github.com/GorvGoyl/Clone-Wars,1372,130,0,29,N/A,79,87.34%
https://github.com/schollz/croc,2514,213,165,1,Go,476,98.53%
https://github.com/JedWatson/react-select,3662,1040,54,22,TypeScript,3590,90.22%
https://github.com/OWASP/CheatSheetSeries,2084,912,0,1,Python,440,91.59%
https://github.com/s0md3v/roop,465,82,6,16,Python,0,0.00%
https://github.com/wesbos/JavaScript30,2828,152,0,26,HTML,0,0.00%
https://github.com/ChartsOrg/Charts,3456,418,38,16,Swift,4245,79.55%
https://github.com/immerjs/immer,2441,373,109,5,JavaScript,656,95.27%
https://github.com/k3s-io/k3s,2288,3401,769,0,Go,5954,97.51%
https://github.com/numpy/numpy,5105,11855,118,0,Python,12724,84.78%
https://github.com/mobxjs/mobx,3462,1114,103,4,TypeScript,1945,97.69%
https://github.com/backstage/backstage,1685,16180,362,0,TypeScript,5996,94.06%
https://github.com/nagadomi/waifu2x,3398,68,3,489,Lua,360,57.78%
https://github.com/lutzroeder/netron,5001,1,2,1,JavaScript,1116,98.21%
https://github.com/google/comprehensive-rust,623,1766,0,1,Rust,282,65.25%
https://github.com/Advanced-Frontend/Daily-Interview-Question,2055,15,0,1395,JavaScript,559,53.13%
https://github.com/viraptor/reverse-interview,1823,74,0,0,N/A,25,72.00%
https://github.com/docsifyjs/docsify,2845,668,14,3,JavaScript,1257,89.02%
https://github.com/xuxueli/xxl-job,3203,98,33,21,Java,3034,58.97%
https://github.com/YMFE/yapi,3019,141,1,23,JavaScript,2440,37.58%
https://github.com/jashkenas/underscore,5428,745,0,42,JavaScript,1422,97.82%
https://github.com/lenve/vhr,2435,1,0,47,Java,253,37.94%
https://github.com/MonitorControl/MonitorControl,2545,207,24,67,Swift,891,97.53%
https://github.com/refinedev/refine,1323,4112,1000,0,TypeScript,1454,98.83%
https://github.com/Pierian-Data/Complete-Python-3-Bootcamp,2396,12,0,26,Jupyter Notebook,353,63.17%
https://github.com/eugeneyan/applied-ml,1523,208,0,48,N/A,24,91.67%
https://github.com/geekcompany/ResumeSample,3649,2,0,21,N/A,0,0.00%
https://github.com/Tencent/weui,3548,199,48,23,Less,664,92.62%
https://github.com/donnemartin/data-science-ipython-notebooks,3512,31,0,168,Python,41,53.66%
https://github.com/outline/outline,3027,2328,133,0,TypeScript,2829,96.25%
https://github.com/crossoverJie/JCSprout,2453,69,0,106,Java,89,66.29%
https://github.com/pmndrs/react-three-fiber,2018,597,105,4,TypeScript,1013,94.47%
https://github.com/directus/directus,4284,7376,313,0,TypeScript,8444,94.36%
https://github.com/Homebrew/legacy-homebrew,5586,222,0,489,N/A,17029,100.00%
https://github.com/GitbookIO/gitbook,3810,364,11,0,TypeScript,1846,98.59%
https://github.com/cfenollosa/os-tutorial,3628,11,0,41,C,174,59.20%
https://github.com/Automattic/mongoose,5265,3047,147,1,JavaScript,10795,97.77%
https://github.com/statelyai/xstate,3278,1871,361,0,TypeScript,1337,93.94%
https://github.com/google/python-fire,2752,89,10,3,Python,317,60.88%
https://github.com/qbittorrent/qBittorrent,4596,3470,0,2,C++,15804,82.75%
https://github.com/fzaninotto/Faker,4709,823,12,168,PHP,570,86.67%
https://github.com/codemirror/codemirror5,4982,592,172,7,JavaScript,4182,90.34%
https://github.com/spf13/viper,3808,459,32,1,Go,870,54.37%
https://github.com/helm/helm,3256,3652,196,1,Go,7788,95.89%
https://github.com/angular/angular-cli,3380,10246,739,0,TypeScript,15374,98.23%
https://github.com/zadam/trilium,2661,250,297,27,JavaScript,3479,74.99%
https://github.com/houshanren/hangzhou_house_knowledge,2384,6,0,919,CSS,148,32.43%
https://github.com/iawia002/lux,2384,295,86,21,Go,1029,51.70%
https://github.com/google-ai-edge/mediapipe,1910,184,56,0,C++,5086,93.51%
https://github.com/rethinkdb/rethinkdb,4327,460,72,167,C++,6387,78.99%
https://github.com/langflow-ai/langflow,574,1849,240,0,Python,1260,92.54%
https://github.com/CamDavidsonPilon/Probabilistic-Programming-and-Bayesian-Methods-for-Hackers,4251,243,0,71,Jupyter Notebook,245,36.73%
https://github.com/DevToys-app/DevToys,1071,480,35,1,C#,798,77.57%
https://github.com/ajaxorg/ace,5061,1803,87,5,JavaScript,3087,96.86%
https://github.com/nvie/gitflow,5341,36,0,185,Shell,363,34.71%
https://github.com/nextcloud/server,3016,23776,260,0,PHP,18702,87.58%
https://github.com/surrealdb/surrealdb,1000,1345,50,0,Rust,1619,62.20%
https://github.com/alan2207/bulletproof-react,1193,59,0,1,TypeScript,97,73.20%
https://github.com/zhiwehu/Python-programming-exercises,4465,0,0,150,N/A,82,20.73%
https://github.com/tj/commander.js,4770,742,79,3,JavaScript,1075,98.79%
https://github.com/YunaiV/ruoyi-vue-pro,1319,50,28,3,Java,440,98.18%
https://github.com/charmbracelet/bubbletea,1699,471,43,1,Go,287,80.49%
https://github.com/ueberdosis/tiptap,2207,864,830,2,TypeScript,2754,82.53%
https://github.com/go-kit/kit,3501,479,13,47,Go,564,93.09%
https://github.com/michalsnik/aos,3345,38,0,162,JavaScript,690,52.17%
https://github.com/StevenBlack/hosts,4528,471,671,2,Python,1939,95.46%
https://github.com/MichaelCade/90DaysOfDevOps,983,356,2,16,Shell,86,91.86%
https://github.com/derailed/k9s,2049,639,225,2,Go,1819,72.68%
https://github.com/vadimdemedes/ink,2641,206,52,96,TypeScript,346,82.95%
https://github.com/tokio-rs/tokio,2917,3306,122,0,Rust,2284,88.00%
https://github.com/sampotts/plyr,3490,384,88,67,JavaScript,2079,58.39%
https://github.com/dnSpy/dnSpy,3353,53,1,1354,C#,0,0.00%
https://github.com/swagger-api/swagger-ui,4800,3155,346,1,JavaScript,5478,79.72%
https://github.com/google-research/tuning_playbook,595,14,0,78,N/A,40,85.00%
https://github.com/bvaughn/react-virtualized,3228,453,5,22,JavaScript,1198,74.37%
https://github.com/coder2gwy/coder2gwy,1344,2,0,936,N/A,149,18.79%
https://github.com/nothings/stb,3755,283,0,18,C,819,82.42%
https://github.com/nicolargo/glances,4658,684,43,0,Python,1886,90.35%
https://github.com/facebookresearch/Detectron,2526,0,0,289,Python,925,66.92%
https://github.com/remy/nodemon,5085,306,97,3,JavaScript,1656,99.58%
https://github.com/utmapp/UTM,1972,237,113,10,Swift,2973,74.44%
https://github.com/qiurunze123/miaosha,2182,20,0,90,Java,80,97.50%
https://github.com/mindsdb/mindsdb,2225,4333,242,0,Python,3888,97.35%
https://github.com/hashicorp/vagrant,5340,2695,122,8,Ruby,9501,93.01%
https://github.com/fastai/fastai,2552,1680,54,8,Jupyter Notebook,1796,88.70%
https://github.com/qianguyihao/Web,2801,0,0,17,N/A,205,73.66%
https://github.com/dmlc/xgboost,3863,4399,59,2,C++,5264,92.78%
https://github.com/tinygrad/tinygrad,1417,4009,8,0,Python,706,85.27%
https://github.com/imDazui/Tvlist-awesome-m3u-m3u8,2755,1,0,255,N/A,67,70.15%
https://github.com/rstacruz/nprogress,4033,34,7,823,JavaScript,155,33.55%
https://github.com/mli/paper-reading,1048,13,0,27,N/A,0,0.00%
https://github.com/ggreer/the_silver_searcher,4673,399,0,80,C,840,49.05%
https://github.com/mongodb/mongo,5711,125,0,0,C++,0,0.00%
https://github.com/mantinedev/mantine,1336,1254,233,2,TypeScript,2622,99.31%
https://github.com/vercel/turborepo,1065,5195,395,0,Rust,1720,91.57%
https://github.com/vllm-project/vllm,573,2466,34,0,Python,4263,65.70%
https://github.com/meta-llama/llama3,173,24,0,23,Python,233,42.06%
https://github.com/iperov/DeepFaceLive,1359,13,35,404,Python,144,99.31%
https://github.com/getredash/redash,3964,3173,98,0,Python,2487,77.36%
https://github.com/fastapi/full-stack-fastapi-template,2020,312,8,2,TypeScript,412,60.19%
https://github.com/select2/select2,4567,711,29,11,JavaScript,4810,97.90%
https://github.com/mifi/lossless-cut,2866,180,97,1,TypeScript,1424,87.99%
https://github.com/facebookresearch/fastText,2972,12,4,166,HTML,1078,56.68%
https://github.com/cmderdev/cmder,4075,427,34,15,C++,2269,97.97%
https://github.com/JakeChampion/fetch,3614,197,56,51,JavaScript,651,99.23%
https://github.com/python-telegram-bot/python-telegram-bot,3347,1435,116,1,Python,2154,99.40%
https://github.com/telegramdesktop/tdesktop,3778,1557,731,3,C++,14159,94.28%
https://github.com/spipm/Depix,1368,14,0,16,Python,0,0.00%
https://github.com/dwmkerr/hacker-laws,2414,174,1,84,Shell,204,34.31%
https://github.com/alibaba/fastjson,4689,418,84,50,Java,3619,46.75%
https://github.com/quasarframework/quasar,3257,3596,926,0,JavaScript,7768,93.54%
https://github.com/request/request,4973,650,0,21,JavaScript,2277,95.43%
https://github.com/pjreddie/darknet,3799,10,0,124,C,2367,23.62%
https://github.com/sindresorhus/awesome-electron,3422,268,0,28,N/A,44,95.45%
https://github.com/restic/restic,3783,2030,44,3,Go,2619,86.67%
https://github.com/Modernizr/Modernizr,5458,806,27,29,JavaScript,1490,88.66%
https://github.com/airbnb/lottie-ios,2890,708,68,12,Swift,1411,98.51%
https://github.com/powerline/fonts,4277,75,1,166,Shell,252,38.10%
https://github.com/tailwindlabs/headlessui,1449,572,112,0,TypeScript,1259,96.03%
https://github.com/deezer/spleeter,1805,49,2,31,Python,769,72.95%
https://github.com/filebrowser/filebrowser,3281,504,60,5,Go,2325,96.77%
https://github.com/kuchin/awesome-cto,2819,12,0,164,N/A,10,80.00%
https://github.com/emscripten-core/emscripten,4953,10820,0,0,C++,9213,80.86%
https://github.com/fish-shell/fish-shell,4500,1876,44,1,Rust,7141,94.08%
https://github.com/microsoft/cascadia-code,1883,82,19,7,Python,616,79.38%
https://github.com/JakeWharton/butterknife,4201,346,0,368,Java,1193,91.37%
https://github.com/rxhanson/Rectangle,1902,237,85,15,Swift,624,86.86%
https://github.com/rasbt/LLMs-from-scratch,409,191,0,5,Jupyter Notebook,79,100.00%
https://github.com/cloudcommunity/Free-Certifications,1496,106,0,29,N/A,87,75.86%
https://github.com/mouredev/Hello-Python,763,0,0,24,Python,42,59.52%
https://github.com/littlecodersh/ItChat,3151,29,13,342,Python,895,69.50%
https://github.com/ycm-core/YouCompleteMe,4524,786,0,6,Python,3239,99.41%
https://github.com/tw93/Pake,691,90,28,14,Rust,288,91.67%
https://github.com/signalapp/Signal-Android,4647,238,24,1,Kotlin,10790,96.39%
https://github.com/terryum/awesome-deep-learning-papers,3015,39,0,230,TeX,26,42.31%
https://github.com/taichi-dev/taichi,2841,5149,116,1,C++,2650,70.38%
https://github.com/openssl/openssl,4250,135,35,0,C,9875,81.78%
https://github.com/mbeaudru/modern-js-cheatsheet,2543,84,0,123,N/A,51,82.35%
https://github.com/Vision-CAIR/MiniGPT-4,508,19,0,2,Python,458,26.42%
https://github.com/hollischuang/toBeTopJavaer,2141,52,0,245,Java,127,55.12%
https://github.com/svc-develop-team/so-vits-svc,544,153,0,298,Python,130,83.85%
https://github.com/ossrs/srs,3416,455,66,3,C++,1400,88.50%
https://github.com/haizlin/fe-interview,1967,8,2,1,JavaScript,5861,0.44%
https://github.com/discordjs/discord.js,3313,4479,245,0,TypeScript,3986,97.99%
https://github.com/dragonflydb/dragonfly,998,2179,70,0,C++,1118,87.48%
https://github.com/apache/incubator-seata,2077,2208,40,0,Java,3819,80.07%
https://github.com/rollup/rollup,3401,1967,479,2,JavaScript,3298,83.75%
https://github.com/akveo/ngx-admin,3024,343,19,146,TypeScript,1752,76.03%
https://github.com/ageron/handson-ml,3123,56,0,337,Jupyter Notebook,562,77.58%
https://github.com/AvaloniaUI/Avalonia,3926,4856,87,2,C#,7001,80.25%
https://github.com/kataras/iris,3140,391,22,58,Go,992,88.61%
https://github.com/Asabeneh/30-Days-Of-React,1436,10,0,18,JavaScript,71,23.94%
https://github.com/jumpserver/jumpserver,3715,6567,228,0,Python,6590,99.44%
https://github.com/SDWebImage/SDWebImage,5462,934,150,12,Objective-C,2323,96.47%
https://github.com/firecracker-microvm/firecracker,2512,2718,72,0,Rust,1404,94.59%
https://github.com/mozilla/DeepSpeech,3016,1338,105,1,C++,2111,94.13%
https://github.com/huggingface/diffusers,828,3712,76,0,Python,3987,87.89%
https://github.com/OpenBMB/ChatDev,373,107,8,0,Shell,252,92.06%
https://github.com/ApolloAuto/apollo,2619,9727,12,7,C++,4426,81.77%
https://github.com/openfaas/faas,2813,679,11,28,Go,847,96.34%
https://github.com/proxyee-down-org/proxyee-down,2506,16,49,50,Java,0,0.00%
https://github.com/Textualize/textual,1245,1811,139,1,Python,1856,94.07%
https://github.com/tmrts/go-patterns,3187,10,0,113,Go,30,43.33%
https://github.com/react-native-elements/react-native-elements,2918,1209,85,126,MDX,2112,94.84%
https://github.com/scwang90/SmartRefreshLayout,2651,12,12,138,Java,1543,78.48%
https://github.com/grafana/k6,3089,1737,62,0,Go,1801,80.23%
https://github.com/hwdsl2/setup-ipsec-vpn,3163,44,0,30,Shell,1443,100.00%
https://github.com/usebruno/bruno,708,630,104,0,JavaScript,1815,49.42%
https://github.com/nsqio/nsq,4498,673,31,36,Go,653,92.04%
https://github.com/eslint/eslint,4085,6129,328,0,JavaScript,10248,99.11%
https://github.com/TanStack/table,2876,919,263,4,TypeScript,2414,93.58%
https://github.com/feathericons/feather,3752,113,53,21,JavaScript,634,38.96%
https://github.com/datasciencemasters/go,4039,48,0,276,N/A,56,83.93%
https://github.com/nylas/nylas-mail,3611,139,53,650,JavaScript,3422,71.42%
https://github.com/XIU2/TrackersListCollection,1798,5,0,0,N/A,0,0.00%
https://github.com/viatsko/awesome-vscode,3132,243,0,75,JavaScript,49,53.06%
https://github.com/pypa/pipenv,2784,1533,102,3,Python,4226,93.78%
https://github.com/VSCodium/vscodium,2214,435,191,1,Shell,1264,91.85%
https://github.com/sunface/rust-course,2220,710,0,15,Rust,192,72.40%
https://github.com/zyedidia/micro,3099,744,37,0,Go,2262,64.99%
https://github.com/t3-oss/create-t3-app,834,1065,133,15,TypeScript,664,93.98%
https://github.com/marmelab/react-admin,2975,4765,358,0,TypeScript,4518,98.49%
https://github.com/sdras/awesome-actions,2149,445,0,3,N/A,41,63.41%
https://github.com/OpenZeppelin/openzeppelin-contracts,2956,2169,88,0,JavaScript,1907,89.09%
https://github.com/localForage/localForage,3961,269,26,36,JavaScript,716,70.53%
https://github.com/matteocrippa/awesome-swift,3709,1436,0,16,Ruby,132,99.24%
https://github.com/DrKLO/Telegram,3967,20,93,21,Java,0,0.00%
https://github.com/IceWhaleTech/CasaOS,1074,255,92,21,Go,1305,62.22%
https://github.com/greenrobot/EventBus,4433,31,7,196,Java,582,83.16%
https://github.com/yeasy/docker_practice,3652,261,15,36,Go,211,98.10%
https://github.com/academic/awesome-datascience,3714,348,10,6,N/A,54,100.00%
https://github.com/rwaldron/idiomatic.js,4851,114,0,240,N/A,83,57.83%
https://github.com/vuejs/devtools-v6,3628,284,89,46,TypeScript,1599,70.98%
https://github.com/mbadolato/iTerm2-Color-Schemes,4905,303,0,28,Shell,108,78.70%
https://github.com/envoyproxy/envoy,2949,19873,171,0,C++,11539,86.67%
https://github.com/dotnet-architecture/eShopOnContainers,2891,538,11,294,C#,1254,96.33%
https://github.com/withfig/autocomplete,1436,1516,1000,2,TypeScript,516,73.45%
https://github.com/matterport/Mask_RCNN,2512,65,3,89,Python,2752,30.96%
https://github.com/sirupsen/logrus,3976,404,19,55,Go,691,99.42%
https://github.com/locustio/locust,4948,888,123,0,Python,1659,99.22%
https://github.com/openai/CLIP,1358,28,0,43,Jupyter Notebook,392,47.70%
https://github.com/flameshot-org/flameshot,2674,821,25,3,C++,2475,74.14%
https://github.com/exelban/stats,1925,370,260,1,Swift,1669,99.34%
https://github.com/HeyPuter/puter,185,294,6,1,JavaScript,374,69.25%
https://github.com/hiroi-sora/Umi-OCR,891,41,30,0,Python,536,81.53%
https://github.com/fyne-io/fyne,2404,1715,46,3,Go,2792,76.72%
https://github.com/medusajs/medusa,1691,5167,83,0,TypeScript,2002,85.51%
https://github.com/AdguardTeam/AdGuardHome,2982,118,184,0,Go,5354,83.23%
https://github.com/DataTalksClub/data-engineering-zoomcamp,1049,292,0,6,Jupyter Notebook,125,98.40%
https://github.com/celery/celery,5612,2398,50,0,Python,5075,87.23%
https://github.com/vnpy/vnpy,3474,1035,60,16,Python,2054,99.66%
https://github.com/awesome-foss/awesome-sysadmin,3543,317,0,17,N/A,98,87.76%
https://github.com/zloirock/core-js,4067,258,243,0,JavaScript,942,96.71%
https://github.com/chubin/wttr.in,3175,271,0,64,Python,661,54.61%
https://github.com/ReactiveX/RxSwift,3438,793,74,1,Swift,1253,98.64%
https://github.com/Wox-launcher/Wox,3912,308,39,15,Go,3553,95.36%
https://github.com/angular/components,3166,12039,498,1,TypeScript,15157,87.23%
https://github.com/neoclide/coc.nvim,2318,827,82,2,TypeScript,3380,99.08%
https://github.com/vercel/pkg,2949,176,41,245,JavaScript,1427,100.00%
https://github.com/CymChad/BaseRecyclerViewAdapterHelper,3069,191,209,70,Kotlin,3587,88.82%
https://github.com/requarks/wiki,2941,370,119,3,Vue,2478,97.62%
https://github.com/vapor/vapor,3152,1220,562,0,Swift,1655,94.74%
https://github.com/wailsapp/wails,2090,1251,217,0,Go,1747,82.60%
https://github.com/ai/nanoid,2587,188,3,7,JavaScript,240,97.50%
